Model,MSE,RMSE,MAE,R2
Base: Tanh,4.148172378540039,2.0367062573036985,1.446842908859253,0.5958718657493591
Tuned: ReLU + Dropout,4.2235188484191895,2.0551201542535633,1.4211314916610718,0.5885313749313354
Tuned: Tanh + BatchNorm,4.447265148162842,2.108853989294385,1.5445044040679932,0.5667333006858826
Base: Sigmoid,4.543180465698242,2.1314737778584663,1.4988362789154053,0.5573889017105103
Tuned: LeakyReLU + AdamW,4.658624172210693,2.158384621009586,1.426060438156128,0.546142041683197
Tuned: ReLU + Slow LR,5.242888450622559,2.2897354542878,1.4765509366989136,0.48922115564346313
Tuned: Sigmoid + SGD,5.3103461265563965,2.304418826202476,1.690614104270935,0.48264920711517334
Base: LeakyReLU,5.597558498382568,2.3659159956309876,1.4838192462921143,0.4546681046485901
Tuned: ReLU + L2,5.809054851531982,2.4101980938362684,1.5334596633911133,0.4340634346008301
Base: ReLU,5.899017333984375,2.4287892732767853,1.4875788688659668,0.4252989888191223
0. Baseline Linear,14.377616882324219,3.7917828105423204,1.7256159782409668,-0.40071308612823486
